cluster,mean_m2,std_m2
0,9432.762225341008,3733.961487318173
1,9411.537484885806,3082.822941107925
2,11677.72729893754,5400.540196294787
3,10944.3939986822,4089.095810235938
